Accuracy,Precision,Recall,F1-Score
0.8498387839705205,0.8255937562220768,0.7345217675037659,0.7639284047574009
