Accuracy,Precision,Recall,F1-Score
0.9992977774656788,0.9510988554911037,0.8315711026954394,0.8821771231832571
