Accuracy,Precision,Recall,F1-Score
0.9994908886626171,0.9527565675777141,0.8927867995819599,0.9206375447083954
