Accuracy,Precision,Recall,F1-Score
0.735,0.7349234923492349,0.7349939975990396,0.7349403615813558
